Theta_st,Theta_cp,Theta_it,FK,FKS,CLU
0.244061093688,0.138623102874,0.049648158071,0.874165269721,0.0497726657861,0.0464432687754
